<flow xmlns="http://www.springframework.org/schema/webflow"
      xmlns:xsi="http://www.w3.org/2001/XMLSchema-instance"
      xsi:schemaLocation="http://www.springframework.org/schema/webflow http://www.springframework.org/schema/webflow/spring-webflow.xsd"
      abstract="true" parent="intercept.events">

    <!-- Rudimentary impediment to direct execution of subflow. -->
    <input name="calledAsSubflow" type="boolean" required="true" />

    <!-- Defines the possible end-state events, and a global transition rule. -->

    <!-- Successful completion of subflow. -->
    <end-state id="proceed" />

    <!-- Error events to reflect back from this subflow. -->
    <end-state id="InvalidEvent" />
    <end-state id="InvalidProfileContext" />
    <end-state id="MessageExpired" />
    <end-state id="MessageReplay" />
    <end-state id="MessageAuthenticationError" />
    <end-state id="AttributeReleaseRejected" />
    <end-state id="TermsRejected" />
    <end-state id="ContextCheckDenied" />
    <end-state id="ImpersonationViolation" />
    <end-state id="RestartAuthentication" />
    <end-state id="RuntimeException" />
    <end-state id="NoPassive" />

    <action-state id="LogRuntimeException">
        <evaluate expression="T(org.slf4j.LoggerFactory).getLogger('net.shibboleth.idp.profile.interceptor').error('Uncaught runtime exception', flowExecutionException.getCause() ?: flowExecutionException)" />
        <transition to="RuntimeException" />
    </action-state>

    <global-transitions>
        <transition on-exception="java.lang.RuntimeException" to="LogRuntimeException" />
        <transition on="InvalidProfileContext" to="InvalidProfileContext" />
        <transition on="MessageExpired" to="MessageExpired" />
        <transition on="MessageReplay" to="MessageReplay" />
        <transition on="MessageAuthenticationError" to="MessageAuthenticationError" />
        <transition on="AttributeReleaseRejected" to="AttributeReleaseRejected" />
        <transition on="TermsRejected" to="TermsRejected" />
        <transition on="ContextCheckDenied" to="ContextCheckDenied" />
        <transition on="ImpersonationViolation" to="ImpersonationViolation" />
        <transition on="RestartAuthentication" to="RestartAuthentication" />
        <transition on="RuntimeException" to="RuntimeException" />
        <transition on="NoPassive" to="NoPassive" />
    </global-transitions>

</flow>
