<?xml version="1.0" encoding="UTF-8"?>
<beans
    xmlns="http://www.springframework.org/schema/beans"
    xmlns:c="http://www.springframework.org/schema/c"
    xmlns:context="http://www.springframework.org/schema/context"
    xmlns:p="http://www.springframework.org/schema/p"
    xmlns:util="http://www.springframework.org/schema/util"
    xmlns:xsi="http://www.w3.org/2001/XMLSchema-instance"
    xsi:schemaLocation="http://www.springframework.org/schema/beans http://www.springframework.org/schema/beans/spring-beans.xsd
                           http://www.springframework.org/schema/context http://www.springframework.org/schema/context/spring-context.xsd
                           http://www.springframework.org/schema/util http://www.springframework.org/schema/util/spring-util.xsd"
    default-init-method="initialize"
    default-destroy-method="destroy">

    <bean class="org.springframework.context.support.PropertySourcesPlaceholderConfigurer"
        p:placeholderPrefix="%{" p:placeholderSuffix="}" />
    
    <import resource="common-beans.xml" />
    <import resource="../../../../conf/intercept/consent-intercept-config.xml" />

    <bean id="InitializeProfileRequestContext"
        class="net.shibboleth.idp.profile.impl.InitializeProfileRequestContext" scope="prototype"
        p:profileId="#{T(net.shibboleth.idp.saml.saml2.profile.config.AttributeQueryProfileConfiguration).PROFILE_ID}"
        p:loggingId="%{idp.service.logging.saml2attrquery:AttributeQuery}" />

    <bean id="DecodeMessage" class="org.opensaml.profile.action.impl.DecodeMessage" scope="prototype">
        <constructor-arg>
            <bean class="org.opensaml.saml.saml2.binding.decoding.impl.HTTPSOAP11Decoder" scope="prototype"
                p:parserPool-ref="shibboleth.ParserPool"
                p:httpServletRequest-ref="shibboleth.HttpServletRequest"
                p:bindingDescriptor-ref="shibboleth.Binding.SAML2SOAP" />
        </constructor-arg>
    </bean>

    <bean id="InitializeMessageChannelSecurityContext"
        class="org.opensaml.profile.action.impl.HttpServletRequestMessageChannelSecurity" scope="prototype"
        p:httpServletRequest-ref="shibboleth.HttpServletRequest"
        p:defaultPortInsecure="%{idp.security.defaultPortInsecure:true}" />

    <alias name="shibboleth.OutgoingSOAPBindings" alias="shibboleth.OutgoingBindings"/>

    <bean id="CopyNameIDFromRequest"
            class="org.opensaml.saml.saml2.profile.impl.CopyNameIDFromRequest" scope="prototype" />

    <bean id="AddSubjectConfirmationToSubjects"
            class="org.opensaml.saml.saml2.profile.impl.AddSubjectConfirmationToSubjects" scope="prototype"
            p:method="urn:oasis:names:tc:SAML:2.0:cm:sender-vouches">
        <property name="addressLookupStrategy"><null/></property>
        <property name="inResponseToLookupStrategy"><null/></property>
        <property name="lifetimeLookupStrategy"><null/></property>
        <property name="recipientLookupStrategy"><null/></property>
    </bean>

    <bean id="shibboleth.PreEncodeMessageHandler"
            class="org.opensaml.messaging.handler.impl.BasicMessageHandlerChain" scope="prototype">
        <property name="handlers">
            <list>
                <bean class="org.opensaml.saml.common.binding.security.impl.SAMLOutboundProtocolMessageSigningHandler" scope="prototype"
                        p:signErrorResponses="%{idp.errors.signed:true}">
                    <property name="activationCondition">
                        <bean parent="shibboleth.Conditions.NOT">
                            <constructor-arg>
                                <bean class="org.opensaml.saml.common.messaging.logic.SignatureCapableBindingPredicate" />
                            </constructor-arg>
                        </bean>
                    </property>
                </bean>
            </list>
        </property>
    </bean>

    <bean id="PopulateConsentInterceptContext"
        class="net.shibboleth.idp.profile.interceptor.impl.PopulateProfileInterceptorContext" scope="prototype">
        <property name="availableFlows">
            <bean class="org.springframework.beans.factory.config.ListFactoryBean">
                <property name="sourceList">
                    <list>
                        <ref bean="intercept/attribute-release-query" />
                    </list>
                </property>
            </bean>
        </property>
        <property name="activeFlowsLookupStrategy">
            <bean class="com.google.common.base.Functions" factory-method="constant" c:_0="#{ {'attribute-release-query' } }" />
        </property>
    </bean>

</beans>
