<?xml version="1.0" encoding="UTF-8"?>
<beans xmlns="http://www.springframework.org/schema/beans"
       xmlns:context="http://www.springframework.org/schema/context"
       xmlns:util="http://www.springframework.org/schema/util"
       xmlns:p="http://www.springframework.org/schema/p"
       xmlns:c="http://www.springframework.org/schema/c"
       xmlns:xsi="http://www.w3.org/2001/XMLSchema-instance"
       xsi:schemaLocation="http://www.springframework.org/schema/beans http://www.springframework.org/schema/beans/spring-beans.xsd
                           http://www.springframework.org/schema/context http://www.springframework.org/schema/context/spring-context.xsd
                           http://www.springframework.org/schema/util http://www.springframework.org/schema/util/spring-util.xsd"
                           
       default-init-method="initialize"
       default-destroy-method="destroy">
       
    <bean class="org.springframework.context.support.PropertySourcesPlaceholderConfigurer"
        p:placeholderPrefix="%{" p:placeholderSuffix="}" />
    
    <import resource="../security-beans.xml" />
    
    <bean id="SAMLMDClientCertAuthSecurityHandlerForPresenter"
            class="net.shibboleth.idp.profile.impl.WebFlowMessageHandlerAdaptor" scope="prototype"
            c:executionDirection="INBOUND">
        <constructor-arg name="messageHandler">
            <bean class="org.opensaml.saml.common.binding.security.impl.SAMLMDClientCertAuthSecurityHandler" scope="prototype"
                    p:httpServletRequest-ref="shibboleth.HttpServletRequest" 
                    p:entityContextClass="org.opensaml.saml.common.messaging.context.SAMLPresenterEntityContext" />
        </constructor-arg>
        <property name="activationCondition">
            <bean class="com.google.common.base.Predicates" factory-method="not"
                c:predicate-ref="shibboleth.Conditions.BrowserProfile" />
        </property>
        <property name="errorEvent">
            <util:constant static-field="org.opensaml.profile.action.EventIds.MESSAGE_AUTHN_ERROR" />
        </property>
    </bean>
    
    <bean id="CheckMandatoryAuthenticationForPresenter"
            class="net.shibboleth.idp.profile.impl.WebFlowMessageHandlerAdaptor" scope="prototype"
            c:executionDirection="INBOUND">
        <constructor-arg name="messageHandler">
            <bean class="org.opensaml.messaging.handler.impl.CheckMandatoryAuthentication" scope="prototype">
                <property name="authenticationLookupStrategy">
                    <bean class="org.opensaml.saml.common.messaging.context.navigate.SAMLMessageContextAuthenticationFunction" 
                        p:entityContextClass="org.opensaml.saml.common.messaging.context.SAMLPresenterEntityContext" />
                </property>
            </bean>
        </constructor-arg>
        <property name="errorEvent">
            <util:constant static-field="org.opensaml.profile.action.EventIds.MESSAGE_AUTHN_ERROR" />
        </property>
    </bean>
    
    <bean id="shibboleth.Delegation.AssertionSignatureTrustEngine" class="org.opensaml.xmlsec.signature.support.impl.ExplicitKeySignatureTrustEngine">
        <constructor-arg>
            <bean class="net.shibboleth.idp.relyingparty.impl.SigningCredentialsResolver" 
                c:_0-ref="shibboleth.RelyingPartyResolverService" />
        </constructor-arg>
        <constructor-arg ref="shibboleth.KeyInfoCredentialResolver" />
    </bean>
    
    <bean id="shibboleth.Delegation.SAML2AssertionTokenValidator" class="org.opensaml.saml.saml2.assertion.SAML20AssertionValidator">
        <!-- Condition validators. -->
        <constructor-arg index="0">
            <util:list>
                <bean class="org.opensaml.saml.saml2.assertion.impl.AudienceRestrictionConditionValidator" />
                <bean class="org.opensaml.saml.saml2.assertion.impl.DelegationRestrictionConditionValidator" />
                <bean class="org.opensaml.saml.saml2.assertion.impl.OneTimeUseConditionValidator">
                    <constructor-arg ref="shibboleth.ReplayCache" />
                    <constructor-arg value="#{null}" />
                </bean>
            </util:list>
        </constructor-arg>
        <!-- SubjectConfirmation validators. -->
        <constructor-arg index="1">
            <util:list>
                <bean class="org.opensaml.saml.saml2.assertion.impl.HolderOfKeySubjectConfirmationValidator" />
            </util:list>
        </constructor-arg>
        <!-- Statement validators. -->
        <constructor-arg index="2">
            <util:list>
                <!--Expected to be empty.  -->
            </util:list>
        </constructor-arg>
        <constructor-arg index="3" ref="shibboleth.Delegation.AssertionSignatureTrustEngine" />
        <constructor-arg index="4">
            <bean class="org.opensaml.saml.security.impl.SAMLSignatureProfileValidator" />
        </constructor-arg>
    </bean>
    
    <bean id="WSSecuritySAML20AssertionTokenSecurityHandler"
            class="net.shibboleth.idp.profile.impl.WebFlowMessageHandlerAdaptor" scope="prototype"
            c:executionDirection="INBOUND">
        <constructor-arg name="messageHandler">
            <bean class="org.opensaml.saml.saml2.wssecurity.messaging.impl.WSSecuritySAML20AssertionTokenSecurityHandler" scope="prototype"
                    p:invalidFatal="true" 
                    p:httpServletRequest-ref="shibboleth.HttpServletRequest" 
                    p:assertionValidator-ref="shibboleth.Delegation.SAML2AssertionTokenValidator" />
        </constructor-arg>
        <property name="activationCondition">
            <bean class="com.google.common.base.Predicates" factory-method="not"
                c:predicate-ref="shibboleth.Conditions.BrowserProfile" />
        </property>
        <property name="errorEvent">
            <util:constant static-field="org.opensaml.profile.action.EventIds.MESSAGE_AUTHN_ERROR" />
        </property>
    </bean>

</beans>
