<?xml version="1.0" encoding="UTF-8"?>
<beans xmlns="http://www.springframework.org/schema/beans"
       xmlns:context="http://www.springframework.org/schema/context"
       xmlns:util="http://www.springframework.org/schema/util"
       xmlns:p="http://www.springframework.org/schema/p"
       xmlns:c="http://www.springframework.org/schema/c"
       xmlns:xsi="http://www.w3.org/2001/XMLSchema-instance"
       xsi:schemaLocation="http://www.springframework.org/schema/beans http://www.springframework.org/schema/beans/spring-beans.xsd
                           http://www.springframework.org/schema/context http://www.springframework.org/schema/context/spring-context.xsd
                           http://www.springframework.org/schema/util http://www.springframework.org/schema/util/spring-util.xsd"
                           
       default-init-method="initialize"
       default-destroy-method="destroy">

    <!-- Beans internal to metadata configuration but not for user manipulation. -->
    
    <!-- Signature Validation Criteria  -->
    
    <bean id="shibboleth.MetadataSignatureValidationStaticCriteria" 
            class="net.shibboleth.idp.profile.spring.relyingparty.metadata.filter.impl.SignatureValidationCriteriaSetFactoryBean" 
            p:includeOpenSAMLGlobalConfig="true"
            p:otherCriteria="#{getObject('shibboleth.MetadataSignatureValidationOtherCriteria')}"
            p:signatureValidationParametersResolver="#{getObject('shibboleth.MetadataSignatureValidationParametersResolver')}">
        <property name="signatureValidationConfigurations">
            <list>
                <bean parent="shibboleth.BasicSignatureValidationConfiguration" 
                    p:whitelistedAlgorithms="#{getObject('shibboleth.SignatureWhitelist')}"
                    p:blacklistedAlgorithms="#{getObject('shibboleth.SignatureBlacklist')}" >
                </bean>
            </list>
        </property>
    </bean>
    
</beans>
