<flow xmlns="http://www.springframework.org/schema/webflow"
      xmlns:xsi="http://www.w3.org/2001/XMLSchema-instance"
      xsi:schemaLocation="http://www.springframework.org/schema/webflow http://www.springframework.org/schema/webflow/spring-webflow.xsd"
      parent="authn.abstract">

    <!-- This is a login flow for IP Address-based pseudo-authentication. -->
    
    <action-state id="UserAgentAddress">
        <evaluate expression="ExtractUserAgentAddress" />
        <evaluate expression="ValidateUserAgentAddress" />
        <evaluate expression="PopulateSubjectCanonicalizationContext" />
        <evaluate expression="'proceed'" />
        
        <transition on="proceed" to="CallSubjectCanonicalization" />
    </action-state>

    <!-- This runs a c14n step on the result of the authentication. -->
    <subflow-state id="CallSubjectCanonicalization" subflow="c14n">
        <input name="calledAsSubflow" value="true" />
        <transition on="proceed" to="proceed" />
        
        <!-- This shouldn't generally happen, but if c14n fails, it's allowable to fall through. -->
        <transition on="SubjectCanonicalizationError" to="ReselectFlow" />
    </subflow-state>

    <!-- As a "fall-through" method, remap selected events to select a different flow. -->
    <global-transitions>
        <transition on="NoCredentials" to="ReselectFlow" />
        <transition on="InvalidCredentials" to="ReselectFlow" />
    </global-transitions>
    
    <bean-import resource="ipaddress-authn-beans.xml" />

</flow>
