<flow xmlns="http://www.springframework.org/schema/webflow"
      xmlns:xsi="http://www.w3.org/2001/XMLSchema-instance"
      xsi:schemaLocation="http://www.springframework.org/schema/webflow http://www.springframework.org/schema/webflow/spring-webflow.xsd">

    <!-- Rewrite the profile ID so that configuration is driven by the SAML2 SLO profile config. -->
    <on-start>
        <evaluate expression="opensamlProfileRequestContext.setProfileId(T(net.shibboleth.idp.saml.saml2.profile.config.SingleLogoutProfileConfiguration).PROFILE_ID)" />
    </on-start>

    <action-state id="PrepareContextTree">
        <evaluate expression="PrepareInboundMessageContext" />
        <evaluate expression="SAMLProtocolAndRole" />
        <evaluate expression="SAMLMetadataLookup" />

        <evaluate expression="InitializeRelyingPartyContexFromSAMLPeer" />
        <evaluate expression="SelectRelyingPartyConfiguration" />

        <evaluate expression="PostLookupPopulateAuditContext" />
        
        <evaluate expression="SelectProfileConfiguration" />
        
        <evaluate expression="InitializeOutboundMessageContext" />
        <evaluate expression="InitializeMessageChannelSecurityContext" />
        <evaluate expression="PopulateBindingAndEndpointContexts" />
        <evaluate expression="PopulateRequestSignatureSigningParameters" />
        <evaluate expression="PopulateEncryptionParameters" />

        <evaluate expression="AddLogoutRequest" />

        <evaluate expression="LogoutPopulateAuditContext" />
        
        <evaluate expression="EncryptNameIDs" />
        
        <evaluate expression="PostResponsePopulateAuditContext" />

        <evaluate expression="'proceed'" />
        
        <transition on="proceed" to="HandleOutboundMessage" />
    </action-state>

    <action-state id="HandleOutboundMessage">
        <evaluate expression="HandleOutboundMessage" />
        <evaluate expression="EncodeMessage" />
        <evaluate expression="RecordResponseComplete" />
        <evaluate expression="'proceed'" />
        
        <transition on="proceed" to="LogoutPending" />
        
        <exception-handler bean="RethrowingFlowExecutionExceptionHandler"/>
    </action-state>

    <!-- Passthrough state if an exception is thrown. -->

    <action-state id="LogRuntimeException">
        <on-entry>
            <evaluate expression="T(org.slf4j.LoggerFactory).getLogger('net.shibboleth.idp.saml.profile').error('Uncaught runtime exception', flowExecutionException.getCause() ?: flowExecutionException)" />
        </on-entry>
        <evaluate expression="'RuntimeException'" />
        <transition to="proceed" />
    </action-state>
    
    <!-- Successful terminal state (success meaning outbound LogoutRequest encoded). -->

    <end-state id="LogoutPending">
        <on-entry>
            <evaluate expression="WriteAuditLog" />
        </on-entry>
    </end-state>

    <!--
    Unsuccessful terminal state. This is "proceed" because the parent flow will respond to that
    by emitting the outcome in the LogoutPropagationContext, which is always left at Failure.
    -->
    <end-state id="proceed"/>

    <!--
    Default is to turn non-proceed events into an error, which in this special flow is actually "proceed".
    -->
    <global-transitions>
        <transition on-exception="java.lang.RuntimeException" to="LogRuntimeException" />
        <transition on="#{!'proceed'.equals(currentEvent.id)}" to="proceed" />
    </global-transitions>
    
    <bean-import resource="saml2-beans.xml" />

</flow>
