<?xml version="1.0" encoding="UTF-8"?>
<beans xmlns="http://www.springframework.org/schema/beans"
       xmlns:context="http://www.springframework.org/schema/context"
       xmlns:util="http://www.springframework.org/schema/util"
       xmlns:p="http://www.springframework.org/schema/p"
       xmlns:c="http://www.springframework.org/schema/c"
       xmlns:xsi="http://www.w3.org/2001/XMLSchema-instance"
       xsi:schemaLocation="http://www.springframework.org/schema/beans http://www.springframework.org/schema/beans/spring-beans.xsd
                           http://www.springframework.org/schema/context http://www.springframework.org/schema/context/spring-context.xsd
                           http://www.springframework.org/schema/util http://www.springframework.org/schema/util/spring-util.xsd"
       default-init-method="initialize"
       default-destroy-method="destroy">

           <bean id="authn/oxAuth" parent="shibboleth.AuthenticationFlow"
                p:forcedAuthenticationSupported="true"
                p:nonBrowserSupported="false" >
            <property name="supportedPrincipals">
                <list>
                    <bean parent="shibboleth.SAML2AuthnContextClassRef"
                        c:classRef="urn:oasis:names:tc:SAML:2.0:ac:classes:InternetProtocol" />
                    <bean parent="shibboleth.SAML2AuthnContextClassRef"
                        c:classRef="urn:oasis:names:tc:SAML:2.0:ac:classes:Password" />
                    <bean parent="shibboleth.SAML2AuthnContextClassRef"
                        c:classRef="urn:oasis:names:tc:SAML:2.0:ac:classes:PasswordProtectedTransport" />
                </list>
            </property>
           </bean>
</beans>