<?xml version="1.0" encoding="UTF-8"?>
<beans
    xmlns="http://www.springframework.org/schema/beans"
    xmlns:c="http://www.springframework.org/schema/c"
    xmlns:context="http://www.springframework.org/schema/context"
    xmlns:p="http://www.springframework.org/schema/p"
    xmlns:util="http://www.springframework.org/schema/util"
    xmlns:xsi="http://www.w3.org/2001/XMLSchema-instance"
    xsi:schemaLocation="http://www.springframework.org/schema/beans http://www.springframework.org/schema/beans/spring-beans.xsd
                        http://www.springframework.org/schema/context http://www.springframework.org/schema/context/spring-context.xsd
                        http://www.springframework.org/schema/util http://www.springframework.org/schema/util/spring-util.xsd"
    default-init-method="initialize"
    default-destroy-method="destroy">

    <bean class="org.springframework.context.support.PropertySourcesPlaceholderConfigurer"
        p:placeholderPrefix="%{" p:placeholderSuffix="}" />

    <import resource="admin-abstract-beans.xml" />

    <!-- Profile ID for flow. -->    
    <bean id="shibboleth.AdminProfileId" class="java.lang.String"
        c:_0="http://shibboleth.net/ns/profiles/mdquery" />

    <!-- Default operation/resource suppliers for access checks. -->
    
    <bean id="shibboleth.AdminOperationLookupStrategy" class="com.google.common.base.Functions"
        factory-method="constant" c:_0="read" />
        
    <bean id="shibboleth.AdminResourceLookupStrategy"
        class="net.shibboleth.idp.profile.context.navigate.SpringExpressionContextLookupFunction"
        c:inClass="#{T(org.opensaml.profile.context.ProfileRequestContext)}"
        c:outputType="#{T(java.lang.String)}"
        c:expression="#input.getInboundMessageContext().getMessage().getEntityID()" />
        
    <bean id="DecodeMessage" class="org.opensaml.profile.action.impl.DecodeMessage" scope="prototype">
        <constructor-arg>
            <bean class="net.shibboleth.idp.profile.impl.MetadataQueryRequestDecoder" scope="prototype">
                <property name="httpServletRequest" ref="shibboleth.HttpServletRequest" />
            </bean>
        </constructor-arg>
    </bean>
    
    <bean id="SAMLMetadataLookup"
            class="net.shibboleth.idp.profile.impl.WebFlowMessageHandlerAdaptor" scope="prototype"
            c:executionDirection="INBOUND">
        <constructor-arg name="messageHandler">
            <bean class="org.opensaml.saml.common.binding.impl.SAMLMetadataLookupHandler" scope="prototype">
                <property name="roleDescriptorResolver">
                    <bean class="org.opensaml.saml.metadata.resolver.impl.PredicateRoleDescriptorResolver"
                        c:mdResolver-ref="shibboleth.MetadataResolver" />
                </property>
            </bean>
        </constructor-arg>
    </bean>
    
    <bean id="PostLookupPopulateAuditContext" parent="shibboleth.AbstractPopulateAuditContext"
        p:fieldExtractors="#{getObject('shibboleth.PostLookupAuditExtractors') ?: getObject('shibboleth.DefaultPostLookupAuditExtractors')}" />
    
</beans>
