<flow xmlns="http://www.springframework.org/schema/webflow"
    xmlns:xsi="http://www.w3.org/2001/XMLSchema-instance"
    xsi:schemaLocation="http://www.springframework.org/schema/webflow http://www.springframework.org/schema/webflow/spring-webflow.xsd"
    parent="admin.abstract">

    <!-- Start action. -->

    <on-start>
        <!-- Extract PATH_INFO containing metric identifier. -->
        <evaluate expression="externalContext.getNativeRequest().getPathInfo()" result="flowScope.pathInfo" />
        <evaluate expression="flowRequestContext.getActiveFlow().getId()" result="flowScope.flowId" />
        <evaluate expression="pathInfo.length() gt flowId.length() + 2 ? T(net.shibboleth.utilities.java.support.net.URISupport).doURLDecode(pathInfo.substring(flowId.length() + 2)) : 'all'" result="flowScope.metricId" />
    </on-start>
    
    <action-state id="InitializeProfileRequestContext">
        <evaluate expression="InitializeProfileRequestContext" />
        <evaluate expression="'proceed'" />
        
        <!-- Branch to determine if authentication is required. -->
        <transition on="proceed" to="DoAdminPreamble" />
    </action-state>

    <!-- Resume actual flow processing. -->

    <action-state id="DoProfileWork">
        <evaluate expression="CheckAccess" />
        <evaluate expression="OutputMetrics" />
        <evaluate expression="RecordResponseComplete" />
        <evaluate expression="WriteAuditLog" />
        <evaluate expression="'proceed'" />
        
        <transition on="proceed" to="success" />
    </action-state>
    
    <!-- Terminus -->

    <end-state id="success" />

    <bean-import resource="metrics-beans.xml" />

</flow>
