<flow xmlns="http://www.springframework.org/schema/webflow"
    xmlns:xsi="http://www.w3.org/2001/XMLSchema-instance"
    xsi:schemaLocation="http://www.springframework.org/schema/webflow http://www.springframework.org/schema/webflow/spring-webflow.xsd"
    parent="admin.abstract">

    <!-- Start action. -->

    <on-start>
        <!-- Extract 'id' parameter in case authentication disturbs the URL. -->
        <evaluate expression="T(net.shibboleth.utilities.java.support.primitive.StringSupport).trimOrNull(externalContext.getNativeRequest().getParameter('id'))" result="flowScope.serviceId" />
    </on-start>
    
    <action-state id="InitializeProfileRequestContext">
        <evaluate expression="InitializeProfileRequestContext" />
        <evaluate expression="'proceed'" />
        
        <!-- Branch to determine if authentication is required. -->
        <transition on="proceed" to="DoAdminPreamble" />
    </action-state>

    <!-- Resume actual flow processing. -->

    <action-state id="DoProfileWork">
        <evaluate expression="CheckAccess" />
        <evaluate expression="ReloadServiceConfiguration" />
        <evaluate expression="RecordResponseComplete" />
        <evaluate expression="WriteAuditLog" />
        <evaluate expression="'proceed'" />
        
        <transition on="proceed" to="success" />
    </action-state>
    
    <!-- Terminus -->

    <end-state id="success" />

    <bean-import resource="reload-service-beans.xml" />

</flow>
