<flow xmlns="http://www.springframework.org/schema/webflow"
    xmlns:xsi="http://www.w3.org/2001/XMLSchema-instance"
    xsi:schemaLocation="http://www.springframework.org/schema/webflow http://www.springframework.org/schema/webflow/spring-webflow.xsd"
    parent="admin.abstract">
    
    <!-- Start action. -->

    <on-start>
        <evaluate expression="'ResponseView'"  result="flowScope.ErrorState"/>
        <evaluate expression="'ResponseView'"  result="flowScope.AuditedErrorState"/>
    </on-start>

    <action-state id="InitializeProfileRequestContext">
        <evaluate expression="InitializeProfileRequestContext" />
        <evaluate expression="'proceed'" />
        
        <transition on="proceed" to="DecodeMessage" />
    </action-state>

    <action-state id="DecodeMessage">
        <evaluate expression="DecodeMessage" />
        <evaluate expression="PostDecodePopulateAuditContext" />
        <evaluate expression="'proceed'" />
        
        <transition on="proceed" to="DoAdminPreamble" />
    </action-state>
    
    <!-- Resume actual flow processing. -->
    
    <action-state id="DoProfileWork">
        <evaluate expression="CheckAccess" />
        <evaluate expression="'proceed'" />
    
        <transition on="proceed" to="ContinueDecoding" />
    </action-state>
    
    <action-state id="ContinueDecoding">
        <on-entry>
            <!-- Clear any user authentication/attribute state. -->
            <evaluate expression="opensamlProfileRequestContext.clearSubcontexts()" />
        </on-entry>
        
        <evaluate expression="SAMLMetadataLookup" />
        <evaluate expression="SAMLPopulateAttributeConsumingService" />

        <evaluate expression="InitializeRelyingPartyContexFromSAMLPeer" />
        <evaluate expression="SelectRelyingPartyConfiguration" />

        <evaluate expression="PostLookupPopulateAuditContext" />

        <evaluate expression="PopulateSubjectContext" />
        <evaluate expression="'proceed'" />
    
        <transition on="proceed" to="DoAttributes" />
    </action-state>
    
    <action-state id="DoAttributes">
        <on-entry>
            <!-- Turn off result cache. -->
            <evaluate expression="opensamlProfileRequestContext.getSubcontext(T(net.shibboleth.idp.attribute.resolver.context.AttributeResolutionContext), true).setAllowCachedResults(false)" />
        </on-entry>
    
        <evaluate expression="ResolveAttributes" />
        <evaluate expression="FilterAttributes" />
        <evaluate expression="'proceed'" />
        
        <transition on="proceed" to="#{ ProtocolStateMap.get(opensamlProfileRequestContext.getInboundMessageContext().getMessage().getProtocol()) }" />
    </action-state>
    
    <action-state id="EncodeToSAML1">
        <evaluate expression="InitializeOutboundMessageContext" />
        <evaluate expression="AddSAML1AttributeStatementToAssertion" />
        <evaluate expression="AddNameIdentifierToSubjects" />
        <evaluate expression="'proceed'" />
        
        <transition on="proceed" to="PrepareForView" />
    </action-state>

    <action-state id="EncodeToSAML2">
        <evaluate expression="InitializeOutboundMessageContext" />
        <evaluate expression="AddSAML2AttributeStatementToAssertion" />
        <evaluate expression="AddNameIDToSubjects" />
        <evaluate expression="'proceed'" />
        
        <transition on="proceed" to="PrepareForView" />
    </action-state>

    <action-state id="PrepareForView">
        <evaluate expression="PostAssertionPopulateAuditContext" />
        <evaluate expression="PostResponsePopulateAuditContext" />
        <evaluate expression="'proceed'" />
        
        <transition on="proceed" to="ResponseView" />
    </action-state>
    
    <end-state id="ResponseView" view="resolvertest">
        <on-entry>
            <evaluate expression="WriteAuditLog" />
            <evaluate expression="environment" result="requestScope.environment" />
            <evaluate expression="opensamlProfileRequestContext" result="requestScope.profileRequestContext" />
            <evaluate expression="opensamlProfileRequestContext.getSubcontext(T(net.shibboleth.idp.profile.context.RelyingPartyContext), true).getSubcontext(T(net.shibboleth.idp.attribute.context.AttributeContext))" result="requestScope.attributeContext" />
            <evaluate expression="T(org.opensaml.core.xml.util.XMLObjectSupport)" result="requestScope.XMLObjectSupport" />
            <evaluate expression="T(net.shibboleth.utilities.java.support.xml.SerializeSupport)" result="requestScope.SerializeSupport" />
            <evaluate expression="T(net.shibboleth.utilities.java.support.codec.HTMLEncoder)" result="requestScope.encoder" />
            <evaluate expression="flowRequestContext.getExternalContext().getNativeRequest()" result="requestScope.request" />
            <evaluate expression="flowRequestContext.getExternalContext().getNativeResponse()" result="requestScope.response" />
            <evaluate expression="flowRequestContext.getActiveFlow().getApplicationContext().containsBean('shibboleth.CustomViewContext') ? flowRequestContext.getActiveFlow().getApplicationContext().getBean('shibboleth.CustomViewContext') : null" result="requestScope.custom" />
        </on-entry>
    </end-state>

    <bean-import resource="resolvertest-beans.xml" />

</flow>
