<?xml version="1.0" encoding="UTF-8"?>
<AttributeFilterPolicyGroup id="ShibbolethFilterPolicy"
        xmlns="urn:mace:shibboleth:2.0:afp"
        xmlns:xsi="http://www.w3.org/2001/XMLSchema-instance"
        xsi:schemaLocation="urn:mace:shibboleth:2.0:afp http://shibboleth.net/schema/idp/shibboleth-afp.xsd">


    <!-- Release some attributes to an SP. -->
    <AttributeFilterPolicy id="SiteApp1">


        <PolicyRequirementRule xsi:type="Requester" value="TCN_SP_29" />


        <AttributeRule attributeID="uid">
            <PermitValueRule xsi:type="ANY" />
        </AttributeRule>

        <AttributeRule attributeID="displayName">
            <PermitValueRule xsi:type="ANY" />
        </AttributeRule>

        <AttributeRule attributeID="mail">
            <PermitValueRule xsi:type="ANY" />
        </AttributeRule>

        <AttributeRule attributeID="givenName">
            <PermitValueRule xsi:type="ANY" />
        </AttributeRule>

        <AttributeRule attributeID="sn">
            <PermitValueRule xsi:type="ANY" />
        </AttributeRule>

        <AttributeRule attributeID="tzfinternaluserid">
            <PermitValueRule xsi:type="ANY" />
        </AttributeRule>

        <AttributeRule attributeID="tzfroles">
            <PermitValueRule xsi:type="ANY" />
        </AttributeRule>

        <AttributeRule attributeID="tzftenantuuid">
            <PermitValueRule xsi:type="ANY" />
        </AttributeRule>

        <AttributeRule attributeID="tzfusername">
            <PermitValueRule xsi:type="ANY" />
        </AttributeRule>

        <AttributeRule attributeID="tzfuserstatus">
            <PermitValueRule xsi:type="ANY" />
        </AttributeRule>

        <AttributeRule attributeID="tzfusertype">
            <PermitValueRule xsi:type="ANY" />
        </AttributeRule>

    </AttributeFilterPolicy>

    <!-- Release some attributes to an SP. -->
    <AttributeFilterPolicy id="SiteApp2">


        <PolicyRequirementRule xsi:type="Requester" value="urn:pat2:idp_initiated" />


        <AttributeRule attributeID="uid">
            <PermitValueRule xsi:type="ANY" />
        </AttributeRule>

        <AttributeRule attributeID="mail">
            <PermitValueRule xsi:type="ANY" />
        </AttributeRule>

        <AttributeRule attributeID="tzfroles">
            <PermitValueRule xsi:type="ANY" />
        </AttributeRule>

        <AttributeRule attributeID="sn">
            <PermitValueRule xsi:type="ANY" />
        </AttributeRule>

        <AttributeRule attributeID="displayName">
            <PermitValueRule xsi:type="ANY" />
        </AttributeRule>

        <AttributeRule attributeID="gluuStatus">
            <PermitValueRule xsi:type="ANY" />
        </AttributeRule>

        <AttributeRule attributeID="tzfusertype">
            <PermitValueRule xsi:type="ANY" />
        </AttributeRule>

        <AttributeRule attributeID="givenName">
            <PermitValueRule xsi:type="ANY" />
        </AttributeRule>

        <AttributeRule attributeID="tzftenantuuid">
            <PermitValueRule xsi:type="ANY" />
        </AttributeRule>

        <AttributeRule attributeID="tzfinternaluserid">
            <PermitValueRule xsi:type="ANY" />
        </AttributeRule>

        <AttributeRule attributeID="tzfuserstatus">
            <PermitValueRule xsi:type="ANY" />
        </AttributeRule>

        <AttributeRule attributeID="tzfusername">
            <PermitValueRule xsi:type="ANY" />
        </AttributeRule>

    </AttributeFilterPolicy>


</AttributeFilterPolicyGroup>