<?xml version="1.0" encoding="UTF-8"?>
<!-- 
    This file is an EXAMPLE configuration file. While the configuration
    presented in this example file is semi-functional, it isn't very
    interesting. It is here only as a starting point for your deployment
    process.
    
    Very few attribute definitions and data connectors are demonstrated,
    and the data is derived statically from the logged-in username and a
    static example connector.

    Attribute-resolver-full.xml contains more examples of attributes,
    encoders, and data connectors. Deployers should refer to the Shibboleth
    documentation for a complete list of components and their options.
-->
<AttributeResolver
        xmlns="urn:mace:shibboleth:2.0:resolver" 
        xmlns:xsi="http://www.w3.org/2001/XMLSchema-instance" 
        xsi:schemaLocation="urn:mace:shibboleth:2.0:resolver http://shibboleth.net/schema/idp/shibboleth-attribute-resolver.xsd">


    <!-- ========================================== -->
    <!--      Attribute Definitions                 -->
    <!-- ========================================== -->

    <!--
    The EPPN is the "standard" federated username in higher ed.
    For guidelines on the implementation of this attribute, refer
    to the Shibboleth and eduPerson documentation. Above all, do
    not expose a value for this attribute without considering the
    long term implications. 
    -->

    <AttributeDefinition xsi:type="Simple" id="gluuStatus">
        <InputDataConnector ref="siteDataConnector" attributeNames="gluuStatus"/>
        <!-- AttributeEncoder xsi:type="SAML2String" name="urn:oid:1.3.6.1.4.1.48710.1.3.97" friendlyName="gluuStatus" encodeType="false" / -->
    </AttributeDefinition>
    <AttributeDefinition xsi:type="Simple" id="mail">
        <InputDataConnector ref="siteDataConnector" attributeNames="mail"/>
        <!-- AttributeEncoder xsi:type="SAML2String" name="urn:oid:0.9.2342.19200300.100.1.3" friendlyName="mail" encodeType="false" / -->
    </AttributeDefinition>
    <AttributeDefinition xsi:type="Simple" id="uid">
        <InputDataConnector ref="siteDataConnector" attributeNames="uid"/>
        <!-- AttributeEncoder xsi:type="SAML2String" name="urn:oid:0.9.2342.19200300.100.1.1" friendlyName="uid" encodeType="false" / -->
    </AttributeDefinition>
    <AttributeDefinition xsi:type="Simple" id="tzfinternaluserid">
        <InputDataConnector ref="siteDataConnector" attributeNames="tzfinternaluserid"/>
        <!-- AttributeEncoder xsi:type="SAML2String" name="tzfinternaluserid" friendlyName="tzfinternaluserid" encodeType="false" / -->
    </AttributeDefinition>
    <AttributeDefinition xsi:type="Simple" id="tzftenantuuid">
        <InputDataConnector ref="siteDataConnector" attributeNames="tzftenantuuid"/>
        <!-- AttributeEncoder xsi:type="SAML2String" name="tzftenantuuid" friendlyName="tzftenantuuid" encodeType="false" / -->
    </AttributeDefinition>
    <AttributeDefinition xsi:type="Simple" id="sn">
        <InputDataConnector ref="siteDataConnector" attributeNames="sn"/>
        <!-- AttributeEncoder xsi:type="SAML2String" name="urn:oid:2.5.4.4" friendlyName="sn" encodeType="false" / -->
    </AttributeDefinition>
    <AttributeDefinition xsi:type="Simple" id="tzfusername">
        <InputDataConnector ref="siteDataConnector" attributeNames="tzfusername"/>
        <!-- AttributeEncoder xsi:type="SAML2String" name="tzfusername" friendlyName="tzfusername" encodeType="false" / -->
    </AttributeDefinition>
    <AttributeDefinition xsi:type="Simple" id="givenName">
        <InputDataConnector ref="siteDataConnector" attributeNames="givenName"/>
        <!-- AttributeEncoder xsi:type="SAML2String" name="urn:oid:2.5.4.42" friendlyName="givenName" encodeType="false" / -->
    </AttributeDefinition>
    <AttributeDefinition xsi:type="Simple" id="displayName">
        <InputDataConnector ref="siteDataConnector" attributeNames="displayName"/>
        <!-- AttributeEncoder xsi:type="SAML2String" name="urn:oid:2.16.840.1.113730.3.1.241" friendlyName="displayName" encodeType="false" / -->
    </AttributeDefinition>
    <AttributeDefinition xsi:type="Simple" id="tzfuserstatus">
        <InputDataConnector ref="siteDataConnector" attributeNames="tzfuserstatus"/>
        <!-- AttributeEncoder xsi:type="SAML2String" name="tzfuserstatus" friendlyName="tzfuserstatus" encodeType="false" / -->
    </AttributeDefinition>
    <AttributeDefinition xsi:type="Simple" id="tzfusertype">
        <InputDataConnector ref="siteDataConnector" attributeNames="tzfusertype"/>
        <!-- AttributeEncoder xsi:type="SAML2String" name="urn:oid:tzfusertype" friendlyName="tzfusertype" encodeType="false" / -->
    </AttributeDefinition>
    <AttributeDefinition xsi:type="Simple" id="tzfroles">
        <InputDataConnector ref="siteDataConnector" attributeNames="tzfroles"/>
        <!-- AttributeEncoder xsi:type="SAML2String" name="uid:oid:roles" friendlyName="tzfroles" encodeType="false" / -->
    </AttributeDefinition>


    <!-- ========================================== -->
    <!--      Data Connectors                       -->
    <!-- ========================================== -->

    <DataConnector id="siteDataConnector" xsi:type="LDAPDirectory"
                   ldapURL="%{idp.attribute.resolver.LDAP.ldapURL}"
                   baseDN="%{idp.attribute.resolver.LDAP.baseDN}"
                   principal="%{idp.attribute.resolver.LDAP.bindDN}"
                   principalCredential="%{idp.attribute.resolver.LDAP.bindDNCredential}"
                   useStartTLS="%{idp.attribute.resolver.LDAP.useStartTLS:true}"
                   trustFile="%{idp.attribute.resolver.LDAP.trustCertificates}" >
        <FilterTemplate>
            <![CDATA[
                %{idp.attribute.resolver.LDAP.searchFilter}
            ]]>
        </FilterTemplate>
    </DataConnector>

</AttributeResolver>
