<?xml version="1.0" encoding="UTF-8"?>
<beans xmlns="http://www.springframework.org/schema/beans"
    xmlns:context="http://www.springframework.org/schema/context"
    xmlns:util="http://www.springframework.org/schema/util" xmlns:p="http://www.springframework.org/schema/p"
    xmlns:c="http://www.springframework.org/schema/c" xmlns:xsi="http://www.w3.org/2001/XMLSchema-instance"
    xsi:schemaLocation="http://www.springframework.org/schema/beans http://www.springframework.org/schema/beans/spring-beans.xsd
                        http://www.springframework.org/schema/context http://www.springframework.org/schema/context/spring-context.xsd
                        http://www.springframework.org/schema/util http://www.springframework.org/schema/util/spring-util.xsd"

    default-init-method="initialize"
    default-destroy-method="destroy">

    <!-- Flows that propagate logout to additional services using supported protocols. -->
    <util:list id="shibboleth.LogoutPropagationFlows">
        <ref bean="logoutprop/cas" />
        <ref bean="logoutprop/saml2" />
    </util:list>
        
    <!--
    List of client-side storage service plugins. If you use server-side storage and don't need these
    services, you can remove or comment out the <ref> elements, but don't remove the list bean or
    a default list will be substituted for backward compatibility.
    -->
    <util:list id="shibboleth.ClientStorageServices">
        <ref bean="shibboleth.ClientSessionStorageService" />
        <ref bean="shibboleth.ClientPersistentStorageService" />
    </util:list>
    
</beans>
